측정일자,측정시간,지역,지역명,도로명,시작점,종점,기온 (℃),습도 (%),재비산먼지 평균농도(㎍/㎥),오염범례
2021-03-02,11:07,경기,안산시 상록구,성호로,경기도 안산시상록구 일동 634도,경기도 안산시상록구 부곡동 598도,5.0,63.0,324,매우나쁨
2021-03-02,11:27,경기,안산시 상록구,충장로,경기도 안산시상록구 부곡동 739-21도,경기도 안산시상록구 본오동 1158도,4.0,61.0,230,매우나쁨
2021-03-02,11:54,경기,안산시 상록구,해안로,경기도 안산시상록구 팔곡일동 557-3도,경기도 안산시상록구 사동 1634 천,5.0,59.0,80,좋음
2021-03-02,12:09,경기,안산시 단원구,해안로,경기도 안산시단원구 초지동 795 천,경기도 안산시단원구 성곡동 619-1도,,56.0,88,좋음
2021-03-02,12:22,경기,안산시 단원구,첨단로,경기도 안산시단원구 초지동 660-10도,경기도 안산시단원구 성곡동 780천,5.0,54.0,178,나쁨
2021-03-02,12:38,경기,안산시 단원구,시화로,경기도 안산시단원구 성곡동 695천,경기도 안산시단원구 성곡동 773도,6.0,52.0,82,좋음
2021-03-02,12:53,경기,안산시 단원구,별망로,경기도 안산시단원구 성곡동 721도,경기도 안산시단원구 초지동 634도,,51.0,57,좋음
2021-03-02,13:21,경기,안산시 단원구,광덕4로,경기도 안산시단원구 초지동 793 도,경기도 안산시단원구 고잔동 831천,6.0,51.0,240,매우나쁨
2021-03-02,13:30,경기,안산시 상록구,광덕4로,경기도 안산시상록구 이동 759천,경기도 안산시상록구 사동 1212-5도,6.0,51.0,114,보통
2021-03-02,14:36,경기,안산시 단원구,중앙대로,경기도 안산시단원구 고잔동 554-2도,경기도 안산시단원구 성곡동 693도,7.0,46.0,85,좋음
2021-03-02,15:15,경기,안산시 단원구,삼일로,경기도 안산시단원구 신길동 1375 도,경기도 안산시단원구 고잔동 570-2천,,46.0,116,보통
2021-03-02,15:36,경기,안산시 상록구,삼일로,경기도 안산시상록구 성포동 679-14천,경기도 안산시상록구 부곡동 708-1도,7.0,46.0,86,좋음
2021-03-02,15:44,경기,안산시 단원구,고잔로,경기도 안산시단원구 고잔동 570-2천,경기도 안산시단원구 고잔동 544도,7.0,45.0,109,보통
2021-03-02,12:08,경기,수원시 장안구,경수대로,경기도 수원시 장안구 파장동 산45임,경기도 수원시 장안구 연무동 161-13 도,5.0,70.0,12,매우좋음
2021-03-02,12:22,경기,수원시 팔달구,장다리로,경기도 수원시 팔달구 인계동 930천,경기도 수원시 팔달구 인계동 1075구,5.0,72.0,54,좋음
2021-03-02,12:31,경기,수원시 권선구,장다리로,경기도 수원시 권선구 권선동 1069구,경기도 수원시 권선구 세류동 1189구,6.0,65.0,121,보통
2021-03-02,12:40,경기,수원시 권선구,덕영대로1190번길,경기도 수원시 권선구 권선동 1212도,경기도 수원시 권선구 권선동 1337-9 도,6.0,66.0,4,매우좋음
2021-03-02,12:45,경기,수원시 권선구,덕영대로1246번길,경기도 수원시 권선구 권선동 1337-9 도,경기도 수원시 권선구 권선동 1281도,5.0,66.0,5,매우좋음
2021-03-02,12:49,경기,수원시 권선구,권광로,경기도 수원시 권선구 권선동 1281도,경기도 수원시 팔달구 인계동 1142도,6.0,66.0,17,매우좋음
2021-03-02,12:56,경기,수원시 팔달구,권광로,경기도 수원시 팔달구 인계동 1142도,경기도 수원시 팔달구 우만동 산51-6도,6.0,67.0,46,매우좋음
2021-03-02,13:03,경기,수원시 팔달구,광교로,경기도 수원시 팔달구 우만동 산51-6도,경기도 수원시 팔달구 우만동 1-9임,6.0,68.0,32,매우좋음
2021-03-02,13:05,경기,수원시 영통구,광교로,경기도 수원시 영통구 이의동 1381도,경기도 수원시 영통구 이의동 1223-2도,5.0,70.0,5,매우좋음
2021-03-02,13:22,경기,수원시 영통구,창룡대로,경기도 수원시 영통구 이의동 1374도,경기도 수원시 영통구 이의동 0-1가,6.0,63.0,25,매우좋음
2021-03-02,13:28,경기,수원시 팔달구,창룡대로,경기도 수원시 팔달구 우만동 459도,경기도 수원시 팔달구 북수동 421-1도,6.0,63.0,18,매우좋음
2021-03-02,13:37,경기,수원시 팔달구,중부대로,경기도 수원시 팔달구 중동 153도,경기도 수원시 팔달구 우만동 447도,,62.0,17,매우좋음
2021-03-02,13:49,경기,수원시 영통구,매영로,경기도 수원시 영통구 매탄동 910도,경기도 수원시 영통구 영통동 1087도,6.0,61.0,13,매우좋음
2021-03-02,14:07,경기,수원시 영통구,청명북로,경기도 수원시 영통구 영통동 1079도,경기도 수원시 영통구 영통동 1057-1도,6.0,63.0,36,매우좋음
2021-03-02,14:17,경기,수원시 영통구,반달로,경기도 수원시 영통구 영통동 1055도,경기도 수원시 영통구 영통동 1055도,6.0,61.0,72,좋음
2021-03-02,14:28,경기,수원시 영통구,봉영로,경기도 수원시 영통구 망포동 574-6 도,경기도 용인시기흥구 영덕동 829-4도,6.0,60.0,17,매우좋음
2021-03-02,14:41,경기,수원시 영통구,광교호수공원로,경기도 수원시 영통구 원천동 147-3 도,경기도 수원시 영통구 하동 산62-13 임,7.0,59.0,16,매우좋음
2021-03-02,14:49,경기,수원시 영통구,도청로,경기도 수원시 영통구 이의동 산127-27 임,경기도 수원시 영통구 이의동 1381도,6.0,60.0,12,매우좋음
2021-03-02,10:59,경기,고양시 일산서구,덕이로,경기도 고양시일산서구 덕이동 1476-2 도,경기도 고양시일산서구 덕이동 219-20구,4.0,76.0,70,좋음
2021-03-02,11:10,경기,고양시 일산서구,탄중로,경기도 고양시일산서구 대화동 2350도,경기도 고양시일산서구 탄현동 1621도,3.0,76.0,49,매우좋음
2021-03-02,11:25,경기,고양시 일산서구,일산로,경기도 고양시일산서구 일산동 1485도,경기도 고양시일산서구 대화동 2560도,4.0,71.0,120,보통
2021-03-02,11:43,경기,고양시 일산서구,강성로,경기도 고양시일산서구 주엽동 165도,경기도 고양시일산서구 대화동 2428도,4.0,69.0,267,매우나쁨
2021-03-02,11:57,경기,고양시 일산서구,주화로,경기도 고양시일산서구 대화동 2428도,경기도 고양시일산서구 주엽동 167도,5.0,69.0,106,보통
2021-03-02,12:30,경기,고양시 덕양구,고양대로,경기도 고양시덕양구 동산동 2-1도,경기도 고양시덕양구 주교동 산170도,5.0,67.0,181,나쁨
2021-03-02,13:07,경기,고양시 덕양구,충장로,경기도 고양시덕양구 성사동 602-11임,경기도 고양시덕양구 행신동 844도,6.0,64.0,296,매우나쁨
2021-03-02,13:24,경기,고양시 덕양구,화신로,경기도 고양시덕양구 행신동 856도,경기도 고양시덕양구 화정동 1016-2도,6.0,61.0,523,매우나쁨
2021-03-02,13:43,경기,고양시 덕양구,백양로,경기도 고양시덕양구 화정동 1068도,경기도 고양시덕양구 화정동 1152도,,59.0,831,매우나쁨
2021-03-02,13:58,경기,고양시 덕양구,행신로,경기도 고양시덕양구 행신동 1032도,경기도 고양시덕양구 행주내동 666-1답,6.0,59.0,258,매우나쁨
2021-03-02,14:11,경기,고양시 덕양구,소원로,경기도 고양시덕양구 행신동 820도,경기도 고양시덕양구 행신동 1127도,6.0,56.0,570,매우나쁨
2021-03-02,15:00,경기,고양시 덕양구,충경로,경기도 고양시덕양구 행신동 1121도,경기도 고양시덕양구 행신동 816도,7.0,52.0,485,매우나쁨
2021-03-02,15:08,경기,고양시 덕양구,지도로,경기도 고양시덕양구 토당동 890-8도,경기도 고양시덕양구 화정동 1012-2도,6.0,53.0,829,매우나쁨
2021-03-02,15:23,경기,고양시 덕양구,중앙로,경기도 고양시덕양구 내곡동 170-2 도,경기도 고양시덕양구 덕은동 561구,7.0,53.0,406,매우나쁨
2021-03-02,16:03,경기,고양시 일산서구,가좌로,경기도 고양시일산서구 가좌동 867-7도,경기도 고양시일산서구 가좌동 143-6도,6.0,58.0,145,보통
2021-03-02,13:14,서울,도봉구,마들로,서울특별시 도봉구 도봉동 11-8 답,서울특별시 도봉구 창동 796 천,5.0,55.0,53,좋음
2021-03-02,13:26,서울,노원구,상계로,서울특별시 노원구 상계동 739-4도,서울특별시 노원구 상계동 66답,5.0,56.0,30,매우좋음
2021-03-02,13:38,서울,노원구,수락산로,서울특별시 노원구 상계동 95-376천,서울특별시 노원구 상계동 660도,6.0,54.0,35,매우좋음
2021-03-02,13:50,서울,노원구,노원로,서울특별시 노원구 상계동,서울특별시 노원구 공릉동 70-2도,6.0,51.0,46,매우좋음
2021-03-02,14:24,서울,강북구,한천로,서울특별시 강북구 번동 612-3천,서울특별시 강북구 수유동 279-7 도,7.0,46.0,48,매우좋음
2021-03-02,14:52,서울,강북구,도봉로,서울특별시 강북구 번동 655-1천,서울특별시 강북구 미아동 14-2도,7.0,47.0,64,좋음
2021-03-03,10:16,경기,안산시 상록구,순환로,경기도 안산시상록구 부곡동 739-25도,경기도 안산시상록구 월피동 536-47도,5.0,66.0,100,좋음
2021-03-03,10:21,경기,안산시 단원구,순환로,경기도 안산시단원구 와동 268-1도,경기도 안산시단원구 선부동 1166-3 도,5.0,64.0,106,보통
2021-03-03,10:33,경기,안산시 단원구,산단로,경기도 안산시단원구 선부동 991-32 도,경기도 안산시단원구 원시동 828도,6.0,60.0,111,보통
2021-03-03,11:01,경기,안산시 단원구,성곡로,경기도 안산시단원구 성곡동 622-1도,경기도 시흥시 거모동 1678-80도,7.0,56.0,54,좋음
2021-03-03,11:17,경기,안산시 단원구,화랑로,경기도 안산시단원구 원곡동 982도,경기도 안산시단원구 고잔동 570-2천,7.0,54.0,177,나쁨
2021-03-03,11:39,경기,안산시 상록구,항가울로,경기도 안산시상록구 성포동 679-9도,경기도 안산시상록구 사동 1628도,7.0,54.0,99,좋음
2021-03-03,12:02,경기,안산시 상록구,석호로,경기도 안산시상록구 본오동 828-17도,경기도 안산시상록구 이동 725도,7.0,53.0,167,나쁨
2021-03-03,13:07,경기,안산시 상록구,용신로,경기도 안산시상록구 일동 705-1도,경기도 안산시상록구 사동 1270-6도,8.0,45.0,28,매우좋음
2021-03-03,13:35,경기,안산시 단원구,안산천남로,경기도 안산시단원구 고잔동 554-2도,경기도 안산시단원구 초지동 784도,8.0,46.0,92,좋음
2021-03-03,13:47,경기,안산시 단원구,화정천동로,경기도 안산시단원구 고잔동 850도,경기도 안산시단원구 와동 878도,9.0,46.0,232,매우나쁨
2021-03-03,14:07,경기,안산시 단원구,화정천서로,경기도 안산시단원구 와동 880도,경기도 안산시단원구 초지동 794 도,9.0,46.0,173,나쁨
2021-03-03,14:41,경기,안산시 단원구,동산로,경기도 안산시단원구 원시동 803도,경기도 안산시단원구 선부동 1075도,9.0,46.0,118,보통
2021-03-03,14:55,경기,안산시 단원구,선부로,경기도 안산시단원구 선부동 1158-7도,경기도 안산시단원구 와동 268-1도,,44.0,181,나쁨
2021-03-03,11:56,경기,수원시 영통구,동탄원천로,경기도 수원시 영통구 원천동 626도,경기도 수원시 영통구 매탄동 673-85 도,8.0,59.0,22,매우좋음
2021-03-03,12:22,경기,수원시 영통구,동탄지성로,경기도 수원시 영통구 망포동 669-3 도,경기도 수원시 영통구 망포동 38-3 도,9.0,58.0,67,좋음
2021-03-03,12:26,경기,수원시 영통구,삼성로,경기도 수원시 영통구 망포동 38-3 도,경기도 용인시기흥구 영덕동 889도,8.0,56.0,25,매우좋음
2021-03-03,12:42,경기,수원시 영통구,청명로,경기도 수원시 영통구 영통동 1057-2도,경기도 수원시 영통구 영통동 1069도,9.0,56.0,100,좋음
2021-03-03,12:45,경기,수원시 영통구,덕영대로,경기도 수원시 영통구 영통동,경기도 수원시 영통구 신동 550-47천,8.0,55.0,63,좋음
2021-03-03,12:55,경기,수원시 권선구,덕영대로,경기도 수원시 권선구 곡반정동 97-3천,경기도 수원시 권선구 세류동 201도,8.0,53.0,42,매우좋음
2021-03-03,13:07,경기,수원시 팔달구,매산로,경기도 수원시 팔달구 매산로1가 103-1 도,경기도 수원시 팔달구 인계동 934-2천,8.0,53.0,35,매우좋음
2021-03-03,13:21,경기,수원시 권선구,세권로,경기도 수원시 권선구 세류동 259도,경기도 수원시 권선구 권선동 1308도,8.0,51.0,87,좋음
2021-03-03,13:33,경기,수원시 팔달구,권중로,경기도 수원시 권선구 권선동 1183도,경기도 수원시 권선구 권선동 1280-1도,8.0,52.0,156,나쁨
2021-03-03,13:55,경기,수원시 팔달구,정조로,경기도 수원시 팔달구 매교동 283도,경기도 수원시 팔달구 북수동 421-1도,9.0,54.0,19,매우좋음
2021-03-03,14:06,경기,수원시 장안구,정조로,경기도 수원시 장안구 영화동 381-12도,경기도 수원시 장안구 송죽동 465도,9.0,52.0,86,좋음
2021-03-03,14:16,경기,수원시 장안구,수일로,경기도 수원시 장안구 파장동 209-2도,경기도 수원시 장안구 하광교동 423-5 도,8.0,53.0,34,매우좋음
2021-03-03,14:32,경기,수원시 장안구,광교산로,경기도 수원시 장안구 상광교동 20-1임,경기도 수원시 장안구 영화동 381-1 도,9.0,49.0,82,좋음
2021-03-03,14:47,경기,수원시 팔달구,팔달로,경기도 수원시 장안구 영화동 107-7도,경기도 수원시 팔달구 고등동 261-7도,9.0,43.0,127,보통
2021-03-03,15:09,경기,수원시 장안구,일월로,경기도 수원시 장안구 율전동 470-8 도,경기도 수원시 장안구 천천동 427-4도,10.0,46.0,14,매우좋음
2021-03-03,15:12,경기,수원시 장안구,정자천로,경기도 수원시 장안구 정자동 935도,경기도 수원시 장안구 정자동 836-5도,9.0,44.0,32,매우좋음
2021-03-03,15:23,경기,수원시 팔달구,화산로,경기도 수원시 팔달구 화서동 689-4구,경기도 수원시 팔달구 화서동 712-1도,10.0,44.0,306,매우나쁨
2021-03-03,15:52,경기,수원시 장안구,덕영대로,경기도 수원시 장안구 정자동 931-2천,경기도 수원시 장안구 율전동 557-3 도,10.0,45.0,32,매우좋음
2021-03-03,16:06,경기,수원시 장안구,상률로,경기도 수원시 장안구 율전동 544-2 도,경기도 수원시 장안구 천천동 19-5도,9.0,46.0,32,매우좋음
2021-03-03,16:10,경기,수원시 장안구,천천로,경기도 수원시 장안구 이목동 407도,경기도 수원시 장안구 정자동 931-2천,9.0,45.0,22,매우좋음
2021-03-03,16:23,경기,수원시 팔달구,대평로,경기도 수원시 장안구 정자동 487-11도,경기도 수원시 팔달구 화서동 352-5답,9.0,47.0,48,매우좋음
2021-03-03,16:30,경기,수원시 장안구,만석로,경기도 수원시 장안구 천천동 535도,경기도 수원시 장안구 송죽동 65-1도,10.0,44.0,11,매우좋음
2021-03-03,16:40,경기,수원시 장안구,송원로,경기도 수원시 장안구 조원동 842-1도,경기도 수원시 장안구 송죽동 350-1도,9.0,45.0,54,좋음
2021-03-03,16:53,경기,수원시 장안구,송정로,경기도 수원시 장안구 조원동 792도,경기도 수원시 장안구 정자동 836-5도,10.0,44.0,34,매우좋음
2021-03-03,11:09,경기,안성시,제4산단로,경기도 안성시 서운면 양촌리 477 도,경기도 안성시 미양면 양변리 산9-58 임,6.0,67.0,132,보통
2021-03-03,11:43,경기,평택시,지산천로,경기도 평택시 신장동 66-13 답,경기도 평택시 지산동 1197도,7.0,66.0,642,매우나쁨
2021-03-03,11:53,경기,평택시,지산로,경기도 평택시 지산동 811-1도,경기도 평택시 지산동 223-16도,7.0,66.0,273,매우나쁨
2021-03-03,12:05,경기,평택시,도일유통길,경기도 평택시 칠괴동 29-13전,경기도 평택시 도일동 산 200-14 임,7.0,64.0,288,매우나쁨
2021-03-03,12:14,경기,평택시,산단로,경기도 평택시 칠괴동 56-12도,경기도 평택시 모곡동 453도,8.0,60.0,1266,매우나쁨
2021-03-03,12:47,경기,평택시,안청로,경기도 평택시 안중읍 현화리 637-14 도,경기도 평택시 청북읍 옥길리 150-170 답,8.0,58.0,287,매우나쁨
2021-03-03,13:00,경기,평택시,안현로서9길,경기도 평택시 안중읍 현화리 산276-1전,경기도 평택시 안중읍 현화리 870도,8.0,55.0,248,매우나쁨
2021-03-03,13:05,경기,평택시,안현로서6길,경기도 평택시 안중읍 현화리 877도,경기도 평택시 안중읍 현화리 889도,8.0,58.0,160,나쁨
2021-03-03,14:42,충남,아산시,공원로,충청남도 아산시 배방읍 장재리 482-6 답,충청남도 아산시 배방읍 장재리 2004 도,10.0,47.0,561,매우나쁨
2021-03-03,16:00,충남,부여군,사비로,충청남도 부여군 부여읍 구아리 439 도,충청남도 부여군 부여읍 동남리 177-3 도,10.0,45.0,224,매우나쁨
2021-03-03,9:47,인천,서구,단봉로,인천광역시 서구 왕길동 657도,인천광역시 서구 오류동 332-1 답,5.0,87.0,7,매우좋음
2021-03-03,9:56,인천,서구,보듬로,인천광역시 서구 오류동 1704 도,인천광역시 서구 오류동 1668 도,5.0,86.0,240,매우나쁨
2021-03-03,10:02,인천,서구,마중로,인천광역시 서구 오류동 1668 도,인천광역시 서구 오류동 1706 도,5.0,85.0,209,매우나쁨
2021-03-03,10:13,인천,서구,도담로,인천광역시 서구 오류동 1687 도,인천광역시 서구 오류동 1671 도,6.0,79.0,224,매우나쁨
2021-03-03,10:19,인천,서구,원당대로,인천광역시 서구 오류동 1114 답,인천광역시 서구 원당동 8-2답,6.0,72.0,319,매우나쁨
2021-03-03,10:43,인천,서구,고산후로,인천광역시 서구 당하동 726-17도,인천광역시 서구 불로동 185-35 도,6.0,67.0,19,매우좋음
2021-03-03,10:52,인천,서구,검단로,인천광역시 서구 불로동 산15-1도,인천광역시 서구 오류동 1461 유,7.0,64.0,26,매우좋음
2021-03-03,11:17,인천,서구,청마로,인천광역시 서구 당하동 1116도,인천광역시 서구 당하동 1116도,7.0,57.0,174,나쁨
2021-03-03,12:14,인천,서구,마전로,인천광역시 서구 불로동 722-1답,인천광역시 서구 마전동 57-5답,8.0,61.0,29,매우좋음
2021-03-03,12:28,인천,서구,완정로,인천광역시 서구 금곡동 158-15 도,인천광역시 서구 마전동 1096 도,8.0,60.0,36,매우좋음
2021-03-03,12:52,인천,서구,한들로,인천광역시 서구 백석동,인천광역시 서구 백석동 54-2 도,8.0,61.0,28,매우좋음
2021-03-03,12:59,인천,서구,승학로,인천광역시 서구 검암동 71-17 도,인천광역시 서구 가정동 571도,9.0,58.0,76,좋음
2021-03-03,13:11,인천,서구,심곡로,인천광역시 서구 공촌동 325도,인천광역시 서구 심곡동 354 도,9.0,57.0,109,보통
2021-03-03,13:20,인천,서구,탁옥로,인천광역시 서구 심곡동 354 도,인천광역시 서구 심곡동 311도,8.0,60.0,48,매우좋음
2021-03-03,13:33,인천,서구,경명대로,인천광역시 서구 공촌동 산163-24 도,인천광역시 서구 경서동 517-15 구,9.0,57.0,77,좋음
2021-03-03,13:51,인천,서구,로봇랜드로,인천광역시 서구 경서동 514도,인천광역시 서구 원창동 437-27 잡,7.0,71.0,200,나쁨
2021-03-03,14:14,인천,서구,북항로177번길,인천광역시 서구 원창동 395-3 도,인천광역시 서구 원창동 395-20 도,8.0,64.0,418,매우나쁨
2021-03-03,14:17,인천,서구,북항로207번길,인천광역시 서구 원창동 485-1 도,인천광역시 서구 원창동 485-3 도,,69.0,253,매우나쁨
2021-03-03,14:21,인천,서구,북항로,인천광역시 서구 원창동 437-23 잡,인천광역시 서구 석남동 648도,8.0,66.0,293,매우나쁨
2021-03-03,14:30,인천,서구,중봉대로,인천광역시 서구 가좌동 600-1 도,인천광역시 서구 금곡동 501-3도,9.0,58.0,181,나쁨
2021-03-04,10:09,경기,안산시 상록구,반월로,경기도 안산시상록구 건건동 335-7전,경기도 안산시상록구 건건동 931-2도,8.0,55.0,104,보통
2021-03-04,10:18,경기,안산시 상록구,각골로,경기도 안산시상록구 본오동 1145-19도,경기도 안산시상록구 본오동 1171 도,9.0,51.0,97,좋음
2021-03-04,10:23,경기,안산시 상록구,오목로,경기도 안산시상록구 본오동 828-13도,경기도 안산시상록구 본오동 995도,8.0,52.0,785,매우나쁨
2021-03-04,10:36,경기,안산시 상록구,안산대학로,경기도 안산시상록구 본오동 875-2도,경기도 안산시상록구 일동 634도,9.0,50.0,191,나쁨
2021-03-04,10:49,경기,안산시 상록구,도매시장로,경기도 안산시상록구 일동 602-37도,경기도 안산시상록구 이동 568도,9.0,50.0,190,나쁨
2021-03-04,11:01,경기,안산시 상록구,예술광장1로,경기도 안산시상록구 성포동 679-11도,경기도 안산시상록구 성포동 679-11도,9.0,49.0,193,나쁨
2021-03-04,11:10,경기,안산시 상록구,월피로,경기도 안산시상록구 월피동 536-46도,경기도 안산시상록구 월피동 536-1도,9.0,50.0,133,보통
2021-03-04,11:15,경기,안산시 상록구,안산천동로,경기도 안산시상록구 월피동 536도,경기도 안산시상록구 이동 614-26도,10.0,50.0,343,매우나쁨
2021-03-04,11:25,경기,안산시 단원구,안산천서로,경기도 안산시단원구 고잔동 554-2도,경기도 안산시단원구 고잔동 570-1도,10.0,48.0,122,보통
2021-03-04,11:32,경기,안산시 상록구,안산천서로,경기도 안산시상록구 월피동 536-44도,경기도 안산시상록구 월피동 536-44도,10.0,48.0,106,보통
2021-03-04,12:26,경기,안산시 단원구,예술대학로,경기도 안산시단원구 고잔동 643-20도,경기도 안산시단원구 고잔동 554-2도,11.0,48.0,67,좋음
2021-03-04,12:38,경기,안산시 단원구,당곡로,경기도 안산시단원구 고잔동 554-2도,경기도 안산시단원구 고잔동 678도,11.0,49.0,82,좋음
2021-03-04,12:51,경기,안산시 단원구,와동로,경기도 안산시단원구 고잔동 630도,경기도 안산시단원구 와동 268도,11.0,49.0,271,매우나쁨
2021-03-04,13:01,경기,안산시 단원구,와동공원로,경기도 안산시단원구 와동 863도,경기도 안산시단원구 선부동 1158-12도,,49.0,250,매우나쁨
2021-03-04,13:11,경기,안산시 단원구,달미로,경기도 안산시단원구 선부동 1158-12도,경기도 안산시단원구 선부동 1166-2 도,11.0,50.0,100,좋음
2021-03-04,13:22,경기,안산시 단원구,석수로,경기도 안산시단원구 선부동 1166 도,경기도 안산시단원구 선부동 1158-12도,11.0,50.0,182,나쁨
2021-03-04,13:27,경기,안산시 단원구,지곡로,경기도 안산시단원구 선부동 1158-12도,경기도 안산시단원구 원곡동 993-1도,11.0,51.0,134,보통
2021-03-04,13:38,경기,안산시 단원구,원선로,경기도 안산시단원구 원곡동 993-7도,경기도 안산시단원구 선부동 955도,12.0,51.0,94,좋음
2021-03-04,13:45,경기,안산시 단원구,선부광장로,경기도 안산시단원구 선부동 1075도,경기도 안산시단원구 선부동 1075도,11.0,51.0,16,매우좋음
2021-03-04,13:48,경기,안산시 단원구,선부광장1로,경기도 안산시단원구 선부동 1158도,경기도 안산시단원구 선부동 1158도,12.0,50.0,40,매우좋음
2021-03-04,13:58,경기,안산시 단원구,원선1로,경기도 안산시단원구 선부동 955도,경기도 안산시단원구 원곡동 993-7도,11.0,51.0,46,매우좋음
2021-03-04,14:08,경기,안산시 단원구,선부광장남로,경기도 안산시단원구 원곡동 940도,경기도 안산시단원구 선부동 1158-22도,12.0,51.0,149,보통
2021-03-04,14:32,경기,안산시 단원구,시흥대로,경기도 안산시단원구 선부동 62-9도,경기도 안산시단원구 선부동 산20-2도,12.0,49.0,21,매우좋음
2021-03-04,12:06,경기,수원시 권선구,서수원로,경기도 수원시 권선구 당수동 산25-1임,경기도 수원시 권선구 오목천동 756-1 도,10.0,57.0,34,매우좋음
2021-03-04,12:23,경기,수원시 권선구,호매실로,경기도 수원시 권선구 고색동 893-74 도,경기도 수원시 권선구 호매실동 1429도,11.0,55.0,43,매우좋음
2021-03-04,12:36,경기,수원시 권선구,칠보로,경기도 수원시 권선구 호매실동 1323-3도,경기도 수원시 권선구 금곡동 783-1도,11.0,54.0,17,매우좋음
2021-03-04,12:41,경기,수원시 권선구,금곡로,경기도 수원시 권선구 금곡동 1155도,경기도 수원시 권선구 구운동 358-2답,11.0,55.0,46,매우좋음
2021-03-04,12:50,경기,수원시 권선구,매실로,경기도 수원시 권선구 호매실동 36-11 답,경기도 수원시 권선구 호매실동 471-3임,,55.0,90,좋음
2021-03-04,12:53,경기,수원시 권선구,매곡로,경기도 수원시 권선구 호매실동 1429-1도,경기도 수원시 권선구 금곡동 233-4도,11.0,56.0,118,보통
2021-03-04,12:57,경기,수원시 권선구,금호로,경기도 수원시 권선구 호매실동 470-11임,경기도 수원시 권선구 서둔동 247-14도,11.0,57.0,24,매우좋음
2021-03-04,13:06,경기,수원시 권선구,서부로,경기도 수원시 장안구 이목동 650도,경기도 수원시 권선구 오목천동 722-1 도,12.0,54.0,41,매우좋음
2021-03-04,13:28,경기,수원시 권선구,오목천로,경기도 수원시 권선구 오목천동 428-10 목,경기도 수원시 권선구 고색동 127-2 답,12.0,55.0,126,보통
2021-03-04,13:45,경기,수원시 권선구,매송고색로,경기도 수원시 권선구 세류동 201도,경기도 수원시 권선구 오목천동 산29-4도,12.0,55.0,77,좋음
2021-03-04,13:57,경기,수원시 권선구,권선로,경기도 수원시 권선구 호매실동 1436도,경기도 수원시 영통구 매탄동 1190도,12.0,54.0,31,매우좋음
2021-03-04,14:17,경기,수원시 영통구,권선로,경기도 수원시 영통구 매탄동 1190도,경기도 수원시 영통구 망포동 38-3 도,12.0,54.0,13,매우좋음
2021-03-04,14:44,경기,수원시 영통구,월드컵로,경기도 수원시 영통구 원천동 626도,경기도 수원시 영통구 원천동 산11-10도,12.0,56.0,5,매우좋음
2021-03-04,14:55,경기,수원시 팔달구,월드컵로,경기도 수원시 팔달구 우만동 산77-8도,경기도 수원시 팔달구 우만동 581도,13.0,54.0,17,매우좋음
2021-03-04,15:30,경기,수원시 영통구,영통로,경기도 수원시 영통구 망포동 678 구,경기도 용인시기흥구 영덕동 861도,13.0,55.0,9,매우좋음
2021-03-04,9:18,전북,군산시,임해로,전라북도 군산시 소룡동 48도,전라북도 군산시 소룡동 486도,7.0,73.0,603,매우나쁨
2021-03-04,9:47,인천,서구,서곶로,인천광역시 서구 불로동 724-14답,인천광역시 서구 가정동 590 도,9.0,68.0,9,매우좋음
2021-03-04,10:09,인천,서구,봉오대로,인천광역시 서구 원창동 450-3도,인천광역시 서구 가정동 산104-9 임,9.0,67.0,7,매우좋음
2021-03-04,10:19,인천,서구,가정로,인천광역시 서구 가정동 571도,인천광역시 서구 가좌동 589-1도,9.0,63.0,73,좋음
2021-03-04,10:36,인천,서구,봉수대로,인천광역시 서구 가좌동 178-210도,인천광역시 서구 금곡동 516-13 도,9.0,62.0,41,매우좋음
2021-03-04,11:01,인천,서구,염곡로,인천광역시 서구 연희동 132-12 도,인천광역시 서구 가좌동 589-1도,10.0,61.0,79,좋음
2021-03-04,11:37,인천,서구,장고개로,인천광역시 서구 가좌동 180-170도,인천광역시 서구 가좌동 2-1잡,11.0,59.0,18,매우좋음
2021-03-04,11:42,인천,서구,건지로,인천광역시 서구 가좌동 산144임,인천광역시 서구 석남동 647-2 도,10.0,59.0,27,매우좋음
2021-03-04,11:51,인천,서구,석남로,인천광역시 서구 석남동 223-114 도,인천광역시 서구 석남동 622 도,11.0,57.0,45,매우좋음
2021-03-04,12:06,인천,서구,율도로,인천광역시 서구 석남동 597도,인천광역시 서구 석남동 산117-15 도,11.0,58.0,86,좋음
2021-03-04,12:13,인천,서구,원창로,인천광역시 서구 원창동 410-10도,인천광역시 서구 가정동 578도,11.0,57.0,117,보통
2021-03-04,13:29,인천,서구,길주로,인천광역시 서구 석남동 223-114 도,인천광역시 서구 석남동 산9-1임,13.0,56.0,48,매우좋음
2021-03-04,13:35,인천,서구,서달로,인천광역시 서구 석남동 638-1도,인천광역시 서구 가정동 341-19도,12.0,58.0,33,매우좋음
2021-03-04,13:54,인천,서구,원적로,인천광역시 서구 가좌동 산17-2임,인천광역시 서구 가좌동 257-2도,12.0,57.0,29,매우좋음
2021-03-04,13:59,인천,서구,열우물로,인천광역시 서구 가좌동 288도,인천광역시 서구 가좌동 515도,12.0,58.0,19,매우좋음
2021-03-04,14:07,인천,서구,방축로,인천광역시 서구 가좌동 606-37구,인천광역시 서구 가좌동 606-18도,13.0,57.0,47,매우좋음
2021-03-04,14:12,인천,서구,백범로,인천광역시 서구 가좌동 470도,인천광역시 서구 가좌동 597도,13.0,57.0,17,매우좋음
2021-03-04,14:21,인천,서구,원석로,인천광역시 서구 가좌동 597도,인천광역시 서구 원창동 211-4제,13.0,58.0,290,매우나쁨
2021-03-04,14:29,인천,서구,중봉대로393번길,인천광역시 서구 원창동 211-3 잡,인천광역시 서구 원창동 384도,13.0,59.0,168,나쁨
2021-03-05,9:54,경기,안산시 단원구,능길로,경기도 안산시단원구 신길동 1440도,경기도 안산시단원구 성곡동 590도,10.0,0.0,3,매우좋음
2021-03-05,10:06,경기,안산시 단원구,엠티브이1로,경기도 안산시단원구 성곡동 834도,경기도 안산시단원구 목내동 534도,9.0,42.0,46,매우좋음
2021-03-05,10:20,경기,안산시 단원구,풍전로,경기도 안산시단원구 원시동 803도,경기도 안산시단원구 원곡동 935-1도,10.0,69.0,7,매우좋음
2021-03-05,10:24,경기,안산시 단원구,연수원로,경기도 안산시단원구 원곡동 993-7도,경기도 안산시단원구 원시동 804도,11.0,65.0,16,매우좋음
2021-03-05,10:28,경기,안산시 단원구,신안산대학로,경기도 안산시단원구 초지동 663-10도,경기도 안산시단원구 초지동 660-27 도,12.0,60.0,16,매우좋음
2021-03-05,10:38,경기,안산시 단원구,초지로,경기도 안산시단원구 초지동 794 도,경기도 안산시단원구 초지동 602-2도,12.0,53.0,25,매우좋음
2021-03-05,10:52,경기,안산시 단원구,한양대학로,경기도 안산시단원구 고잔동 554-2도,경기도 안산시단원구 고잔동 847천,12.0,51.0,30,매우좋음
2021-03-05,10:59,경기,안산시 단원구,광덕동로,경기도 안산시단원구 고잔동 827도,경기도 안산시단원구 고잔동 823도,12.0,50.0,56,좋음
2021-03-05,11:07,경기,안산시 단원구,광덕서로,경기도 안산시단원구 고잔동 789도,경기도 안산시단원구 고잔동 811도,12.0,49.0,50,매우좋음
2021-03-05,11:16,경기,안산시 단원구,광덕대로,경기도 안산시단원구 고잔동 847천,경기도 안산시단원구 고잔동 554도,12.0,49.0,49,매우좋음
2021-03-05,11:29,경기,안산시 단원구,적금로,경기도 안산시단원구 고잔동 630도,경기도 안산시단원구 고잔동 784도,13.0,48.0,42,매우좋음
2021-03-05,12:26,경기,안산시 단원구,초지1로,경기도 안산시단원구 초지동 781도,경기도 안산시단원구 초지동 793 도,14.0,45.0,77,좋음
2021-03-05,12:32,경기,안산시 단원구,광덕1로,경기도 안산시단원구 초지동 793 도,경기도 안산시단원구 고잔동 785천,14.0,45.0,27,매우좋음
2021-03-05,12:44,경기,안산시 상록구,광덕1로,경기도 안산시상록구 이동 757천,경기도 안산시상록구 이동 726도,14.0,45.0,89,좋음
2021-03-05,12:49,경기,안산시 상록구,광덕3로,경기도 안산시상록구 이동 726도,경기도 안산시상록구 이동 759천,14.0,45.0,34,매우좋음
2021-03-05,12:52,경기,안산시 단원구,광덕3로,경기도 안산시단원구 고잔동 831천,경기도 안산시단원구 초지동 793 도,15.0,44.0,67,좋음
2021-03-05,13:09,경기,안산시 단원구,광덕2로,경기도 안산시단원구 초지동 793 도,경기도 안산시단원구 고잔동 845도,14.0,44.0,200,나쁨
2021-03-05,13:22,경기,안산시 상록구,삼리로,경기도 안산시상록구 사동 1609도,경기도 안산시상록구 사동 1605도,15.0,43.0,79,좋음
2021-03-05,13:28,경기,안산시 상록구,감골로,경기도 안산시상록구 사동 1212-5도,경기도 안산시상록구 사동 1628도,16.0,43.0,91,좋음
2021-03-05,13:39,경기,안산시 상록구,선진로,경기도 안산시상록구 사동 1628도,경기도 안산시상록구 사동 1628도,16.0,43.0,182,나쁨
2021-03-05,13:46,경기,안산시 상록구,이호로,경기도 안산시상록구 본오동 995도,경기도 안산시상록구 본오동 881-77도,15.0,43.0,237,매우나쁨
2021-03-05,13:58,경기,안산시 상록구,반석로,경기도 안산시상록구 본오동 828-13도,경기도 안산시상록구 본오동 881도,15.0,43.0,110,보통
2021-03-05,14:06,경기,안산시 상록구,본오로,경기도 안산시상록구 본오동 875-6도,경기도 안산시상록구 본오동 1158도,16.0,43.0,99,좋음
2021-03-05,14:16,경기,안산시 상록구,샘골로,경기도 안산시상록구 본오동 1158도,경기도 안산시상록구 본오동 881-8도,15.0,43.0,160,나쁨
2021-03-05,10:16,경기,성남시 분당구,돌마로,경기도 성남시 분당구 야탑동 210-2 도,경기도 성남시 분당구 금곡동 451-1 도,10.0,71.0,13,매우좋음
2021-03-05,10:43,경기,성남시 분당구,탄천상로,경기도 성남시 분당구 구미동 197-2도,경기도 성남시 분당구 구미동 197-10도,11.0,68.0,51,좋음
2021-03-05,10:56,경기,성남시 분당구,무지개로,경기도 성남시 분당구 구미동 303-1도,경기도 성남시 분당구 구미동 303-1도,11.0,66.0,37,매우좋음
2021-03-05,11:19,경기,성남시 분당구,미금로,경기도 성남시 분당구 구미동 303-1도,경기도 성남시 분당구 금곡동 223도,12.0,61.0,186,나쁨
2021-03-05,11:30,경기,성남시 분당구,금곡로,경기도 성남시 분당구 금곡동 223도,경기도 성남시 분당구 구미동 98-2도,12.0,59.0,195,나쁨
2021-03-05,11:44,경기,성남시 분당구,구미로,경기도 성남시 분당구 구미동 197-1도,경기도 성남시 분당구 구미동 303-1도,13.0,58.0,98,좋음
2021-03-05,11:48,경기,성남시 분당구,구미로173번길,경기도 성남시 분당구 구미동 303-1도,경기도 성남시 분당구 구미동 95-2도,12.0,59.0,203,매우나쁨
2021-03-05,11:54,경기,성남시 분당구,미금일로,경기도 성남시 분당구 구미동 95-2도,경기도 성남시 분당구 구미동 98-1도,13.0,57.0,228,매우나쁨
2021-03-05,12:02,경기,성남시 분당구,정자일로,경기도 성남시 분당구 금곡동 199-1도,경기도 성남시 분당구 정자동 95-2도,13.0,58.0,215,매우나쁨
2021-03-05,12:17,경기,성남시 분당구,백현로,경기도 성남시 분당구 백현동 472-11도,경기도 성남시 분당구 정자동 93-1도,13.0,56.0,135,보통
2021-03-05,12:35,경기,성남시 분당구,수내로,경기도 성남시 분당구 분당동 65-8도,경기도 성남시 분당구 수내동 41-1 도,14.0,54.0,147,보통
2021-03-05,12:44,경기,성남시 분당구,분당로,경기도 성남시 분당구 서현동 282-2도,경기도 성남시 분당구 분당동 199-1도,14.0,53.0,284,매우나쁨
2021-03-05,12:58,경기,성남시 분당구,서현로,경기도 성남시 분당구 분당동 78-5 도,경기도 성남시 분당구 백현동 519-1도,15.0,52.0,103,보통
2021-03-05,13:10,경기,성남시 분당구,황새울로,경기도 성남시 분당구 서현동 280-1도,경기도 성남시 분당구 정자동 257-1도,15.0,53.0,246,매우나쁨
2021-03-05,13:27,경기,성남시 분당구,불정로,경기도 성남시 분당구 정자동 94-10 도,경기도 성남시 분당구 서현동 352-2도,14.0,52.0,129,보통
2021-03-05,13:47,경기,성남시 분당구,내정로,경기도 성남시 분당구 수내동 69-1도,경기도 성남시 분당구 정자동 257-1도,15.0,50.0,142,보통
2021-03-05,13:56,경기,성남시 분당구,정자로,경기도 성남시 분당구 정자동 94-10 도,경기도 성남시 분당구 정자동 257-4도,15.0,51.0,147,보통
2021-03-05,9:41,인천,서구,국제대로,인천광역시 서구 가정동 산2-3도,인천광역시 서구 경서동 589 답,9.0,87.0,2,매우좋음
2021-03-05,9:57,인천,서구,청라사파이어로,인천광역시 서구 경서동 834-138도,인천광역시 서구 원창동 420-3전,9.0,86.0,25,매우좋음
2021-03-05,10:08,인천,서구,청라커낼로,인천광역시 서구 경서동 669-8 도,인천광역시 서구 경서동 836-99도,10.0,82.0,14,매우좋음
2021-03-05,10:21,인천,서구,청라라임로,인천광역시 서구 연희동 812도,인천광역시 서구 연희동 824도,10.0,80.0,28,매우좋음
2021-03-05,10:29,인천,서구,청라에메랄드로,인천광역시 서구 연희동 824도,인천광역시 서구 연희동 812도,11.0,78.0,11,매우좋음
2021-03-05,10:37,인천,서구,담지로,인천광역시 서구 연희동 812도,인천광역시 서구 연희동 823도,11.0,79.0,136,보통
2021-03-05,10:46,인천,서구,청중로,인천광역시 서구 가정동 630 도,인천광역시 서구 원창동 433도,11.0,75.0,12,매우좋음
2021-03-05,11:06,인천,서구,비지니스로,인천광역시 서구 경서동 920-10도,인천광역시 서구 경서동 979-5도,12.0,75.0,54,좋음
2021-03-05,11:12,인천,서구,솔빛로,인천광역시 서구 경서동 산256 임,인천광역시 서구 경서동 973-8도,12.0,74.0,47,매우좋음
2021-03-05,11:14,인천,서구,청라한내로,인천광역시 서구 경서동 973-7도,인천광역시 서구 경서동 834-138도,12.0,70.0,87,좋음
2021-03-05,11:28,인천,서구,차오름로,인천광역시 서구 경서동 584 잡,인천광역시 서구 경서동 947-4도,12.0,67.0,157,나쁨
2021-03-05,11:34,인천,서구,청라루비로,인천광역시 서구 경서동 836-99도,인천광역시 서구 원창동 450-3도,12.0,68.0,157,나쁨
2021-03-05,11:39,인천,서구,크리스탈로,인천광역시 서구 경서동 970-6도,인천광역시 서구 경서동 836-99도,12.0,68.0,78,좋음
2021-03-05,11:48,인천,서구,청라한울로,인천광역시 서구 경서동 855-5도,인천광역시 서구 경서동 837-8도,12.0,67.0,81,좋음
2021-03-05,11:58,인천,서구,경제로,인천광역시 서구 연희동 821도,인천광역시 서구 경서동 584-1 잡,12.0,65.0,28,매우좋음
2021-03-05,12:17,인천,서구,청라대로,인천광역시 서구 원창동 403-43 전,인천광역시 서구 경서동,13.0,63.0,153,나쁨
2021-03-05,12:26,인천,서구,에코로,인천광역시 서구 경서동 519-44 답,인천광역시 서구 경서동 542-37 답,14.0,62.0,80,좋음
2021-03-08,8:43,인천,서구,드림로,인천광역시 서구 왕길동 64-24 도,인천광역시 서구 당하동 661-12도,4.0,0.0,97,좋음
2021-03-08,9:00,인천,서구,보듬로,인천광역시 서구 오류동 1704 도,인천광역시 서구 오류동 1668 도,4.0,0.0,32,매우좋음
2021-03-08,9:07,인천,서구,마중로,인천광역시 서구 오류동 1668 도,인천광역시 서구 오류동 1706 도,4.0,0.0,173,나쁨
2021-03-08,9:23,인천,서구,도담로,인천광역시 서구 오류동 1687 도,인천광역시 서구 오류동 1671 도,5.0,0.0,194,나쁨
2021-03-08,9:31,인천,서구,원당대로,인천광역시 서구 오류동 1114 답,인천광역시 서구 원당동 8-2답,6.0,0.0,144,보통
2021-03-08,9:55,인천,서구,고산후로,인천광역시 서구 당하동 726-17도,인천광역시 서구 불로동 185-35 도,6.0,39.0,10,매우좋음
2021-03-08,11:16,인천,서구,청마로,인천광역시 서구 당하동 1116도,인천광역시 서구 당하동 1116도,9.0,46.0,115,보통
2021-03-08,11:42,인천,서구,탁옥로,인천광역시 서구 심곡동 354 도,인천광역시 서구 심곡동 311도,9.0,47.0,68,좋음
2021-03-08,12:01,인천,서구,가정로,인천광역시 서구 가정동 571도,인천광역시 서구 가좌동 589-1도,10.0,47.0,148,보통
2021-03-08,12:30,인천,서구,석남로,인천광역시 서구 석남동 223-114 도,인천광역시 서구 석남동 622 도,10.0,48.0,82,좋음
2021-03-08,12:36,인천,서구,길주로,인천광역시 서구 석남동 223-114 도,인천광역시 서구 석남동 산9-1임,9.0,49.0,117,보통
2021-03-08,12:50,인천,서구,원석로,인천광역시 서구 가좌동 597도,인천광역시 서구 원창동 211-4제,8.0,52.0,346,매우나쁨
2021-03-08,13:06,인천,서구,청라한내로,인천광역시 서구 경서동 973-7도,인천광역시 서구 경서동 834-138도,10.0,50.0,86,좋음
2021-03-08,13:25,인천,서구,차오름로,인천광역시 서구 경서동 584 잡,인천광역시 서구 경서동 947-4도,10.0,49.0,144,보통
2021-03-08,13:37,인천,서구,로봇랜드로,인천광역시 서구 경서동 514도,인천광역시 서구 원창동 437-27 잡,9.0,52.0,78,좋음
2021-03-08,14:06,인천,서구,북항로207번길,인천광역시 서구 원창동 485-1 도,인천광역시 서구 원창동 485-3 도,9.0,50.0,942,매우나쁨
2021-03-08,14:19,인천,서구,봉수대로,인천광역시 서구 가좌동 178-210도,인천광역시 서구 금곡동 516-13 도,11.0,47.0,95,좋음
2021-03-08,13:01,서울,성북구,화랑로,서울특별시 성북구 석관동 375천,서울특별시 성북구 장위동 2-2도,12.0,34.0,21,매우좋음
2021-03-08,13:08,서울,성북구,정릉로,서울특별시 성북구 하월곡동 104-134 천,서울특별시 성북구 정릉동 산87-1 임,12.0,36.0,16,매우좋음
2021-03-08,13:37,서울,성북구,보문로,서울특별시 성북구 동소문동5가 50-25도,서울특별시 성북구 보문동7가 119-1도,13.0,29.0,43,매우좋음
2021-03-08,13:45,서울,성북구,안암로,서울특별시 동대문구 신설동 397-2 도,서울특별시 성북구 종암동 29-18도,13.0,26.0,80,좋음
2021-03-08,13:48,서울,성북구,종암로,서울특별시 성북구 종암동 29-18도,서울특별시 성북구 하월곡동 200도,13.0,25.0,18,매우좋음
2021-03-08,13:49,서울,성북구,월곡로,서울특별시 성북구 종암동 28-374 구,서울특별시 성북구 하월곡동 37-4도,13.0,26.0,27,매우좋음
2021-03-08,14:17,서울,동대문구,천호대로,서울특별시 동대문구 신설동 85-1도,서울특별시 동대문구 장안동 204-17 천,14.0,23.0,37,매우좋음
2021-03-08,14:40,서울,동대문구,답십리로,서울특별시 동대문구 장안동 7-16 천,서울특별시 동대문구 전농동 625-1 도,14.0,23.0,25,매우좋음
2021-03-08,14:57,서울,동대문구,서울시립대로,서울특별시 동대문구 답십리동 524-1도,서울특별시 동대문구 전농동 150-84 도,14.0,24.0,44,매우좋음
2021-03-08,11:00,경기,수원시 장안구,수성로,경기도 수원시 장안구 조원동 533-11도,경기도 수원시 장안구 정자동 109-38도,9.0,72.0,22,매우좋음
2021-03-08,11:07,경기,수원시 팔달구,수성로,경기도 수원시 팔달구 화서동 360-1도,경기도 수원시 팔달구 화서동 360-1도,9.0,77.0,39,매우좋음
2021-03-08,11:11,경기,수원시 권선구,수성로,경기도 수원시 권선구 서둔동 279-1도,경기도 수원시 권선구 구운동 547도,9.0,76.0,37,매우좋음
2021-03-08,11:15,경기,수원시 권선구,수인로,경기도 수원시 권선구 당수동 143-1도,경기도 수원시 권선구 서둔동 9-23도,9.0,74.0,11,매우좋음
2021-03-08,11:25,경기,수원시 팔달구,효원로,경기도 수원시 팔달구 매산로3가 5-6도,경기도 수원시 영통구 매탄동 1329도,10.0,72.0,61,좋음
2021-03-08,11:39,경기,수원시 영통구,인계로,경기도 수원시 영통구 매탄동 916 도,경기도 수원시 영통구 매탄동 950-1도,10.0,69.0,66,좋음
2021-03-08,11:45,경기,수원시 팔달구,인계로,경기도 수원시 영통구 매탄동 950-1도,경기도 수원시 팔달구 매교동 220도,10.0,67.0,91,좋음
2021-03-08,11:52,경기,수원시 권선구,정조로,경기도 수원시 권선구 세류동 1033-3도,경기도 수원시 권선구 대황교동 104-3도,10.0,66.0,126,보통
2021-03-08,12:03,경기,수원시 권선구,동수원로,경기도 수원시 권선구 대황교동 4-2대,경기도 수원시 영통구 매탄동 1190도,10.0,66.0,151,나쁨
2021-03-08,12:11,경기,수원시 팔달구,동수원로,경기도 수원시 영통구 매탄동 1190도,경기도 수원시 영통구 매탄동 926-21 도,10.0,63.0,37,매우좋음
2021-03-08,12:14,경기,수원시 영통구,동수원로,경기도 수원시 영통구 매탄동 910도,경기도 수원시 영통구 원천동 620-14도,11.0,63.0,8,매우좋음
2021-03-08,12:19,경기,수원시 영통구,광교중앙로,경기도 수원시 영통구 원천동 620-14도,경기도 용인시수지구 상현동 1066도,11.0,63.0,6,매우좋음
2021-03-08,12:32,경기,수원시 영통구,법조로,경기도 용인시수지구 상현동 916도,경기도 수원시 영통구 하동 1046-2도,11.0,61.0,14,매우좋음
2021-03-08,12:36,경기,수원시 영통구,센트럴타운로,경기도 수원시 영통구 이의동 1381-23도,경기도 수원시 영통구 이의동 342-1전,11.0,60.0,34,매우좋음
2021-03-08,12:44,경기,수원시 영통구,센트럴파크로,경기도 수원시 영통구 이의동 1379-5도,경기도 수원시 영통구 하동 1044-2도,,57.0,22,매우좋음
2021-03-08,12:55,경기,수원시 영통구,광교호수로,경기도 수원시 영통구 하동 72-1도,경기도 수원시 영통구 원천동 626도,12.0,55.0,36,매우좋음
2021-03-08,13:06,경기,수원시 영통구,에듀타운로,경기도 수원시 영통구 이의동 1381-22도,경기도 수원시 영통구 이의동 1381도,12.0,54.0,20,매우좋음
2021-03-08,13:11,경기,수원시 영통구,대학로,경기도 수원시 영통구 이의동 912-12도,경기도 수원시 영통구 이의동 1373-4도,12.0,53.0,23,매우좋음
2021-03-08,13:33,경기,수원시 영통구,웰빙타운로,경기도 수원시 영통구 이의동 1373-1도,경기도 수원시 영통구 이의동 1373-12도,13.0,46.0,15,매우좋음
2021-03-08,10:19,경기,성남시 분당구,성남대로,경기도 성남시 분당구 야탑동 487-1도,경기도 성남시 분당구 구미동 197-1도,9.0,65.0,23,매우좋음
2021-03-08,11:23,경기,성남시 분당구,대왕판교로,경기도 성남시 분당구 동원동 44-2도,경기도 성남시 분당구 삼평동 376-4도,11.0,52.0,29,매우좋음
2021-03-08,12:35,경기,성남시 분당구,탄천로,경기도 성남시 분당구 야탑동 485-3도,경기도 성남시 분당구 이매동 153-2도,13.0,39.0,214,매우나쁨
2021-03-08,12:45,경기,성남시 분당구,야탑로,경기도 성남시 분당구 야탑동 485-2도,경기도 성남시 분당구 야탑동 197-7도,12.0,44.0,73,좋음
2021-03-08,12:57,경기,성남시 분당구,판교로,경기도 성남시 분당구 야탑동 산57묘,경기도 성남시 분당구 하산운동 281-4 도,13.0,37.0,103,보통
2021-03-08,13:19,경기,성남시 분당구,운중로,경기도 성남시 분당구 운중동 903도,경기도 성남시 분당구 판교동 583-2도,13.0,27.0,69,좋음
2021-03-08,13:31,경기,성남시 분당구,서판교로,경기도 성남시 분당구 판교동 639-2도,경기도 성남시 분당구 판교동 492-2도,13.0,30.0,39,매우좋음
2021-03-08,13:39,경기,성남시 분당구,판교역로,경기도 성남시 분당구 삼평동 688-3도,경기도 성남시 분당구 백현동 582-12도,13.0,30.0,259,매우나쁨
2021-03-08,13:51,경기,성남시 분당구,양현로,경기도 성남시 분당구 서현동 280-4도,경기도 성남시 분당구 야탑동 489-2 도,13.0,31.0,167,나쁨
2021-03-08,14:13,경기,성남시 분당구,여수울로,경기도 성남시 중원구 여수동 518-8도,경기도 성남시 중원구 여수동 292-19도,13.0,32.0,314,매우나쁨
2021-03-08,14:20,경기,성남시 분당구,매화로,경기도 성남시 분당구 야탑동 327-1도,경기도 성남시 분당구 야탑동 198-1도,14.0,29.0,131,보통
2021-03-08,14:29,경기,성남시 분당구,장미로,경기도 성남시 분당구 야탑동 485-4도,경기도 성남시 분당구 야탑동 197-1도,14.0,30.0,91,좋음
2021-03-08,14:48,경기,성남시 분당구,동판교로,경기도 성남시 분당구 삼평동 709-1도,경기도 성남시 분당구 백현동 556-3도,14.0,31.0,65,좋음
2021-03-08,10:37,서울,중구,퇴계로,서울특별시 중구 봉래동2가 130도,서울특별시 중구 황학동 2542도,9.0,61.0,9,매우좋음
2021-03-08,10:57,서울,중구,난계로,서울특별시 중구 신당동 85-730대,서울특별시 중구 황학동 2472-1천,9.0,61.0,26,매우좋음
2021-03-08,11:08,서울,중구,다산로,서울특별시 중구 흥인동 163-1도,서울특별시 중구 신당동 산 24-110도,10.0,58.0,68,좋음
2021-03-08,11:18,서울,중구,동호로,서울특별시 중구 신당동 309-61 공,서울특별시 중구 방산동 5-1도,11.0,56.0,24,매우좋음
2021-03-08,11:28,서울,중구,장충단로,서울특별시 중구 을지로6가 18-214도,서울특별시 중구 장충동2가 산 5-7도,11.0,54.0,78,좋음
2021-03-08,11:47,서울,중구,삼일대로,서울특별시 중구 장충동2가 산 14-21임,서울특별시 중구 장교동 46-4 도,12.0,50.0,17,매우좋음
2021-03-08,11:58,서울,중구,을지로,서울특별시 중구 신당동 226-4도,서울특별시 중구 소공동 100도,11.0,52.0,41,매우좋음
2021-03-08,12:06,서울,중구,서소문로,서울특별시 중구 태평로2가 113-1도,서울특별시 중구 의주로1가 180-1도,11.0,51.0,47,매우좋음
2021-03-08,12:15,서울,중구,통일로,서울특별시 중구 충정로1가 88-8도,서울특별시 중구 봉래동2가 130도,12.0,49.0,93,좋음
2021-03-08,12:21,서울,중구,세종대로,서울특별시 중구 남대문로5가 67-2대,서울특별시 중구 태평로1가 63-17도,13.0,48.0,41,매우좋음
2021-03-08,12:32,서울,중구,남대문로,서울특별시 중구 남대문로1가 9도,서울특별시 중구 남대문로4가 24도,12.0,48.0,29,매우좋음
2021-03-08,12:44,서울,서대문구,성산로,서울특별시 서대문구 현저동 935도,서울특별시 서대문구 연희동 542-77 천,12.0,44.0,88,좋음
2021-03-08,13:27,서울,서대문구,수색로,서울특별시 서대문구 북가좌동 415 도,서울특별시 서대문구 연희동 542-77 천,13.0,43.0,194,나쁨
2021-03-08,13:30,서울,서대문구,모래내로,서울특별시 서대문구 남가좌동 110-4천,서울특별시 서대문구 홍제동 161-1 도,12.0,43.0,102,보통
2021-03-08,13:57,서울,서대문구,세검정로,서울특별시 서대문구 홍제동 4-4 임,서울특별시 서대문구 홍은동 53-27대,13.0,41.0,78,좋음
2021-03-08,14:03,서울,서대문구,연희로,서울특별시 서대문구 홍은동 226-4도,서울특별시 서대문구 창천동 516도,13.0,38.0,77,좋음
2021-03-08,14:19,서울,서대문구,응암로,서울특별시 서대문구 북가좌동 398 도,서울특별시 서대문구 북가좌동 359-1도,14.0,37.0,96,좋음
2021-03-08,14:27,서울,서대문구,가좌로,서울특별시 서대문구 홍은동 340도,서울특별시 서대문구 연희동 143-13도,13.0,36.0,71,좋음
2021-03-08,14:41,서울,서대문구,통일로,서울특별시 서대문구 홍은동 164-46도,서울특별시 서대문구 홍제동 47-32구,14.0,35.0,70,좋음
2021-03-09,15:05,경남,고성군,송학로,경상남도 고성군 고성읍 교사리 374-2도,경상남도 고성군 고성읍 송학리 236-1도,14.0,47.0,244,매우나쁨
2021-03-09,16:47,부산,북구,화명신도시로,부산광역시 북구 금곡동 1881 도,부산광역시 북구 화명동 2257 도,13.0,49.0,16,매우좋음
2021-03-09,10:51,서울,동대문구,회기로,서울특별시 동대문구 휘경동 255-4도,서울특별시 동대문구 제기동 1142-19 천,10.0,51.0,44,매우좋음
2021-03-09,10:59,서울,동대문구,안암로,제기동 1149-8,신설동 397,11.0,47.0,19,매우좋음
2021-03-09,11:04,서울,동대문구,왕산로,서울특별시 동대문구 신설동 76-90 도,서울특별시 동대문구 회기동 67-7 도,11.0,45.0,16,매우좋음
2021-03-09,11:22,서울,동대문구,이문로,서울특별시 동대문구 회기동 67-7 도,서울특별시 동대문구 이문동 251-1도,11.0,46.0,14,매우좋음
2021-03-09,11:34,서울,동대문구,한천로,서울특별시 동대문구 이문동 209-1도,서울특별시 동대문구 장안동 472-3도,11.0,44.0,18,매우좋음
2021-03-09,11:50,서울,동대문구,황물로,서울특별시 동대문구 답십리동 952-2도,서울특별시 동대문구 전농동 643-1 도,11.0,37.0,64,좋음
2021-03-09,11:58,서울,동대문구,답십리로,서울특별시 동대문구 전농동 625-1 도,서울특별시 동대문구 장안동 7-16 천,12.0,36.0,48,매우좋음
2021-03-09,12:15,서울,동대문구,사가정로,서울특별시 동대문구 장안동 481-1제,서울특별시 동대문구 답십리동 524-1도,12.0,33.0,23,매우좋음
2021-03-09,12:28,서울,동대문구,서울시립대로,서울특별시 동대문구 답십리동 524-1도,서울특별시 동대문구 전농동 150-84 도,12.0,33.0,35,매우좋음
2021-03-09,12:39,서울,동대문구,홍릉로,서울특별시 동대문구 청량리동 산1-227 도,서울특별시 동대문구 청량리동 819도,13.0,33.0,29,매우좋음
2021-03-09,12:49,서울,동대문구,망우로,서울특별시 동대문구 회기동 67-7 도,서울특별시 동대문구 휘경동 346천,13.0,33.0,36,매우좋음
2021-03-09,12:54,서울,동대문구,장안벚꽃로,서울특별시 동대문구 휘경동 43-257 임,서울특별시 동대문구 장안동 472-1도,13.0,34.0,27,매우좋음
2021-03-09,13:02,서울,동대문구,천호대로,서울특별시 동대문구 장안동 204-17 천,서울특별시 동대문구 신설동 85-1도,13.0,34.0,33,매우좋음
2021-03-09,13:23,서울,동대문구,무학로,서울특별시 동대문구 제기동 1154도,서울특별시 동대문구 용두동 701-6천,13.0,36.0,7,매우좋음
2021-03-09,13:32,서울,동대문구,고산자로,서울특별시 동대문구 용두동 701-6천,서울특별시 동대문구 제기동 1150-1도,13.0,33.0,14,매우좋음
2021-03-09,13:48,서울,동대문구,제기로,서울특별시 동대문구 제기동 142-21도,서울특별시 동대문구 청량리동 35도,13.0,32.0,22,매우좋음
2021-03-09,13:54,서울,동대문구,전농로,서울특별시 동대문구 전농동 620-67도,서울특별시 동대문구 답십리동 524-1도,13.0,32.0,16,매우좋음
2021-03-09,14:07,서울,동대문구,장한로,서울특별시 동대문구 장안동 472-2도,서울특별시 동대문구 장안동 469-2도,13.0,32.0,37,매우좋음
2021-03-09,14:20,서울,동대문구,한천로58길,서울특별시 동대문구 이문동 94-6대,서울특별시 동대문구 이문동 1-4 도,13.0,33.0,39,매우좋음
2021-03-09,10:18,경기,성남시 수정구,여수대로,경기도 성남시 중원구 여수동 277-2도,경기도 성남시 수정구 시흥동 208-3전,9.0,58.0,6,매우좋음
2021-03-09,10:31,경기,성남시 수정구,대왕판교로,경기도 성남시 수정구 금토동 273-39 도,경기도 성남시 수정구 신촌동 143-4천,10.0,54.0,28,매우좋음
2021-03-09,10:48,경기,성남시 수정구,성남대로,서울특별시 송파구 장지동 596-21도,경기도 성남시 중원구 성남동 1503도,10.0,49.0,135,보통
2021-03-09,10:58,경기,성남시 중원구,성남대로,경기도 성남시 중원구 성남동 1576도,경기도 성남시 중원구 여수동 306-7도,11.0,45.0,18,매우좋음
2021-03-09,11:09,경기,성남시 중원구,돌마로,경기도 성남시 중원구 하대원동 411-5도,경기도 성남시 중원구 도촌동 426-1도,10.0,41.0,24,매우좋음
2021-03-09,11:17,경기,성남시 중원구,도촌남로,경기도 성남시 중원구 도촌동 412-8도,경기도 성남시 중원구 도촌동 754천,11.0,42.0,16,매우좋음
2021-03-09,11:28,경기,성남시 중원구,희망로,경기도 성남시 중원구 도촌동 425-3도,경기도 성남시 수정구 산성동 2222도,11.0,40.0,21,매우좋음
2021-03-09,11:47,경기,성남시 수정구,헌릉로,경기도 성남시 수정구 산성동 2221-1 구,경기도 성남시 수정구 복정동 223-8 구,11.0,35.0,43,매우좋음
2021-03-09,12:32,경기,성남시 수정구,탄천로,경기도 성남시 수정구 복정동 446-4도,경기도 성남시 수정구 사송동 274-11천,12.0,35.0,42,매우좋음
2021-03-09,13:48,경기,성남시 중원구,순환로,경기도 성남시 중원구 은행동 531도,경기도 성남시 중원구 갈현동 61-1도,12.0,30.0,54,좋음
2021-03-09,13:55,경기,성남시 중원구,사기막골로,경기도 성남시 중원구 상대원동 1627도,경기도 성남시 중원구 상대원동 39-36천,12.0,30.0,95,좋음
2021-03-09,14:04,경기,성남시 중원구,둔촌대로,경기도 성남시 중원구 상대원동 425-7도,경기도 성남시 중원구 성남동 1766천,13.0,32.0,100,좋음
2021-03-09,14:24,경기,성남시 중원구,산성대로,경기도 성남시 중원구 성남동 1750전,경기도 성남시 수정구 양지동 920도,14.0,32.0,43,매우좋음
2021-03-09,14:47,경기,성남시 중원구,광명로,경기도 성남시 중원구 금광동 2470-6도,경기도 성남시 중원구 성남동 1575도,13.0,33.0,164,나쁨
2021-03-09,14:57,경기,성남시 중원구,시민로,경기도 성남시 중원구 성남동 1315도,경기도 성남시 중원구 하대원동 282도,14.0,34.0,66,좋음
2021-03-09,15:06,경기,성남시 중원구,제일로,경기도 성남시 중원구 하대원동 456-4구,경기도 성남시 중원구 성남동,14.0,36.0,52,좋음
2021-03-09,15:12,경기,성남시 수정구,제일로,경기도 성남시 수정구 수진동 2677-1도,경기도 성남시 수정구 태평동 1 도,13.0,36.0,132,보통
2021-03-09,15:21,경기,성남시 중원구,공원로,경기도 성남시 수정구 복정동 54-4도,경기도 성남시 중원구 도촌동 412-8도,13.0,36.0,125,보통
2021-03-09,15:33,경기,성남시 수정구,수정로,경기도 성남시 수정구 태평동 7286-2답,경기도 성남시 수정구 양지동 877도,13.0,36.0,76,좋음
2021-03-09,11:30,경기,화성시,발안만세길,경기도 화성시 향남읍 장짐리 360-10답,경기도 화성시 향남읍 제암리 118-2도,10.0,58.0,956,매우나쁨
2021-03-09,11:38,경기,화성시,향남로,경기도 화성시 팔탄면 가재리 537-1대,경기도 화성시 향남읍 상신리 813-21 답,11.0,55.0,304,매우나쁨
2021-03-09,11:56,경기,화성시,발안로,경기도 화성시 향남읍 평리 223-42도,경기도 화성시 향남읍 수직리 97-1도,11.0,52.0,241,매우나쁨
2021-03-09,12:10,경기,화성시,행정동로,경기도 화성시 향남읍 도이리 425도,경기도 화성시 향남읍 행정리 583-1도,11.0,51.0,539,매우나쁨
2021-03-09,12:17,경기,화성시,행정중앙1로,경기도 화성시 향남읍 행정리 583-1도,경기도 화성시 향남읍 행정리 534-2도,11.0,50.0,272,매우나쁨
2021-03-09,12:22,경기,화성시,행정중앙2로,경기도 화성시 향남읍 행정리 534도,경기도 화성시 향남읍 행정리 583도,10.0,56.0,389,매우나쁨
2021-03-09,12:42,경기,화성시,시청로,경기도 화성시 정남면 문학리 538-5임,경기도 화성시 남양읍 남양리 1194-3도,12.0,41.0,197,나쁨
2021-03-09,13:01,경기,화성시,동화길,경기도 화성시 봉담읍 수영리 660-1도,경기도 화성시 봉담읍 분천리 51-2도,12.0,37.0,507,매우나쁨
2021-03-09,13:14,경기,화성시,동화역말길,경기도 화성시 봉담읍 동화리 636-1도,경기도 화성시 봉담읍 와우리 122도,12.0,36.0,378,매우나쁨
2021-03-09,13:19,경기,화성시,효행로,경기도 화성시 봉담읍 수영리 233-4목,경기도 화성시 반월동 124-6도,12.0,34.0,171,나쁨
2021-03-09,13:52,경기,화성시,삼성1로,경기도 화성시 반월동 124-6도,경기도 화성시 석우동 590-51천,12.0,35.0,125,보통
2021-03-09,13:57,경기,화성시,노작로,경기도 화성시 석우동 590-9천,경기도 화성시 오산동  952-39도,12.0,34.0,344,매우나쁨
2021-03-09,14:02,경기,화성시,동탄나루로,경기도 화성시 반송동 243-4도,경기도 화성시 반송동 301-2도,12.0,34.0,191,나쁨
2021-03-09,14:04,경기,화성시,10용사로,경기도 화성시 오산동  881-7도,경기도 화성시 안녕동 71-145전,13.0,34.0,97,좋음
2021-03-09,14:16,경기,화성시,경기대로,경기도 화성시 병점동 505-8도,경기도 수원시 권선구 대황교동 525-2천,13.0,34.0,188,나쁨
2021-03-09,14:32,경기,화성시,동탄지성로,경기도 화성시 반월동 767-6도,경기도 화성시 반송동 243도,12.0,36.0,153,나쁨
2021-03-09,14:52,경기,화성시,동탄반석로,경기도 화성시 석우동 113도,경기도 화성시 반송동 290도,12.0,36.0,264,매우나쁨
2021-03-09,15:05,경기,화성시,동탄중앙로,경기도 화성시 반송동 290도,경기도 화성시 영천동  167-8도,12.0,38.0,86,좋음
2021-03-09,15:27,경기,화성시,동탄원천로,경기도 화성시 영천동 651-162도,경기도 화성시 반정동 537-5천,12.0,37.0,70,좋음
2021-03-09,15:38,경기,화성시,여울로,경기도 화성시 능동 1175도,경기도 화성시 능동 1243도,12.0,35.0,271,매우나쁨
2021-03-09,15:49,경기,화성시,동탄공원로,경기도 화성시 능동 1242도,경기도 화성시 반송동 109도,12.0,35.0,106,보통
2021-03-10,9:18,울산,울주군,당월로,울산광역시 울주군 온산읍 처용리 623 도,울산광역시 울주군 온산읍 당월리 467-6답,12.0,52.0,118,보통
2021-03-10,9:27,울산,울주군,원봉로,울산광역시 울주군 온산읍 원산리 839-1도,울산광역시 울주군 온산읍 당월리 309도,,52.0,536,매우나쁨
2021-03-10,9:34,울산,울주군,이진로,울산광역시 울주군 온산읍 대정리 393-4 도,울산광역시 울주군 온산읍 화산리 204도,12.0,51.0,1040,매우나쁨
2021-03-10,11:37,대구,북구,구리로,대구광역시 북구 국우동 476-1도,대구광역시 북구 동천동 959-3도,13.0,41.0,367,매우나쁨
2021-03-10,12:07,대구,북구,검단공단로,대구광역시 북구 검단동 936-49 도,대구광역시 북구 검단동 498-49 도,14.0,40.0,111,보통
2021-03-10,14:03,대구,달성군,테크노대로,대구광역시 달성군 현풍면 중리 544 도,대구광역시 달성군 유가면 용리 888-3 대,16.0,38.0,154,나쁨
2021-03-10,14:16,대구,달성군,테크노남로,대구광역시 달성군 유가면 금리 1134-3 공,대구광역시 달성군 유가면 봉리 658 도,16.0,38.0,101,보통
2021-03-10,17:19,충북,제천시,의림대로,충청북도 제천시 화산동 260도,충청북도 제천시 송학면 도화리 산10-13임,16.0,32.0,238,매우나쁨
2021-03-10,11:12,경기,양주시,평화로,경기도 동두천시 송내동 466-1 천,경기도 양주시 남방동 198-6도,11.0,57.0,89,좋음
2021-03-10,11:36,경기,양주시,동일로,경기도 양주시 마전동 456-8 도,경기도 양주시 마전동 118-23도,12.0,54.0,111,보통
2021-03-10,11:40,경기,양주시,부흥로,경기도 양주시 광적면 비암리 산119-3도,경기도 양주시 삼숭동 산30-11임,12.0,55.0,140,보통
2021-03-10,11:58,경기,양주시,율정로,경기도 양주시 삼숭동 134-12답,경기도 양주시 율정동 312-18 도,12.0,55.0,148,보통
2021-03-10,12:06,경기,양주시,화합로,경기도 양주시 회암동 산10-3도,경기도 양주시 광적면 효촌리 산52-1임,12.0,52.0,60,좋음
2021-03-10,12:23,경기,양주시,회정로,경기도 양주시 회정동 203-1천,경기도 양주시 고암동 119도,13.0,,317,매우나쁨
2021-03-10,14:12,경기,양주시,독바위로,경기도 양주시 덕정동 211도,경기도 양주시 옥정동 941-8도,16.0,36.0,113,보통
2021-03-10,14:24,경기,양주시,옥정동로,경기도 양주시 옥정동 1094도,경기도 양주시 옥정동 864-1643도,15.0,38.0,135,보통
2021-03-10,14:37,경기,양주시,옥정서로,경기도 양주시 옥정동 867-119창,경기도 양주시 옥정동 1049-8도,16.0,35.0,177,나쁨
2021-03-10,14:54,경기,양주시,고암길,경기도 양주시 고암동 579-4 도,경기도 양주시 덕정동 256도,16.0,33.0,190,나쁨
2021-03-10,15:05,경기,양주시,회천로,경기도 양주시 고암동 549-2답,경기도 양주시 율정동 410-1 도,16.0,31.0,118,보통
2021-03-10,15:15,경기,양주시,회천남로,경기도 양주시 옥정동 1084-4도,경기도 양주시 옥정동 820-7 답,16.0,32.0,241,매우나쁨
2021-03-10,15:34,경기,양주시,고덕로,경기도 양주시 덕계동 384-3도,경기도 양주시 고읍동 462-5도,17.0,30.0,73,좋음
2021-03-10,15:45,경기,양주시,고읍로,경기도 양주시 고읍동 118-2도,경기도 양주시 만송동 343-1 도,17.0,28.0,72,좋음
2021-03-10,15:53,경기,양주시,고읍북로,경기도 양주시 만송동 717도,경기도 양주시 만송동 714도,16.0,29.0,66,좋음
2021-03-10,15:57,경기,양주시,고읍남로,경기도 양주시 광사동 723도,경기도 양주시 광사동 723도,16.0,29.0,244,매우나쁨
2021-03-10,16:05,경기,양주시,송랑로,경기도 양주시 삼숭동 672-10 도,경기도 양주시 만송동 500-3 도,17.0,29.0,43,매우좋음
2021-03-10,16:15,경기,양주시,원학로,경기도 양주시 광사동 산130-9도,경기도 양주시 마전동 412-1 도,17.0,29.0,74,좋음
2021-03-10,16:41,경기,양주시,호국로,경기도 양주시 장흥면 울대리 산45-2 도,경기도 양주시 장흥면 일영리 산78-6 도,16.0,32.0,71,좋음
2021-03-10,16:45,경기,양주시,북한산로,경기도 양주시 장흥면 교현리 130-10도,경기도 양주시 장흥면 교현리 403-1도,16.0,33.0,44,매우좋음
2021-03-10,17:12,경기,양주시,일영로,경기도 양주시 장흥면 일영리 313-5도,경기도 양주시 장흥면 삼하리 산90-34임,16.0,34.0,189,나쁨
2021-03-10,10:54,경기,오산시,가장로,경기도 오산시 가장동 산 70-2도,경기도 오산시 가수동 289-12 도,11.0,59.0,201,매우나쁨
2021-03-10,11:31,경기,화성시,동화역말길,경기도 화성시 봉담읍 동화리 636-1도,경기도 화성시 봉담읍 와우리 122도,11.0,54.0,216,매우나쁨
2021-03-10,11:59,경기,화성시,여울로,경기도 화성시 능동 1175도,경기도 화성시 능동 1243도,13.0,48.0,149,보통
2021-03-10,12:32,경기,수원시 영통구,동탄원천로,경기도 수원시 영통구 원천동 626도,경기도 수원시 영통구 매탄동 673-85 도,14.0,44.0,44,매우좋음
2021-03-10,12:46,경기,수원시 권선구,세권로,경기도 수원시 권선구 세류동 259도,경기도 수원시 권선구 권선동 1308도,14.0,42.0,230,매우나쁨
2021-03-10,13:04,경기,수원시 팔달구,정조로,경기도 수원시 팔달구 매교동 283도,경기도 수원시 팔달구 북수동 421-1도,14.0,41.0,71,좋음
2021-03-10,13:16,경기,수원시 팔달구,팔달로,경기도 수원시 장안구 영화동 107-7도,경기도 수원시 팔달구 고등동 261-7도,15.0,40.0,64,좋음
2021-03-10,13:25,경기,수원시 팔달구,수성로,경기도 수원시 팔달구 화서동 360-1도,경기도 수원시 팔달구 화서동 360-1도,15.0,,173,나쁨
2021-03-10,13:34,경기,수원시 권선구,매실로,경기도 수원시 권선구 호매실동 36-11 답,경기도 수원시 권선구 호매실동 471-3임,15.0,38.0,409,매우나쁨
2021-03-10,14:49,경기,과천시,교육원로,경기도 과천시 중앙동 64도,경기도 과천시 중앙동 61도,17.0,30.0,443,매우나쁨
2021-03-10,14:52,경기,과천시,별양로,경기도 과천시 원문동 8-1도,경기도 과천시 중앙동 88도,16.0,32.0,762,매우나쁨
2021-03-10,15:11,경기,과천시,경마공원대로,경기도 과천시 막계동 254-13임,경기도 과천시 과천동 356-5도,17.0,30.0,210,매우나쁨
2021-03-11,11:17,경기,이천시,애련정로,경기도 이천시 증포동 157-9 도,경기도 이천시 안흥동 172-1 도,10.0,51.0,127,보통
2021-03-11,10:24,경기,고양시 덕양구,충장로,경기도 고양시덕양구 성사동 602-11임,경기도 고양시덕양구 행신동 844도,11.0,48.0,120,보통
2021-03-11,10:45,경기,고양시 덕양구,화신로,경기도 고양시덕양구 행신동 856도,경기도 고양시덕양구 화정동 1016-2도,11.0,44.0,205,매우나쁨
2021-03-11,10:58,경기,고양시 덕양구,화정로,경기도 고양시덕양구 화정동 1012-1도,경기도 고양시덕양구 화정동 428-9 도,11.0,46.0,116,보통
2021-03-11,11:05,경기,고양시 덕양구,행신로,경기도 고양시덕양구 행신동 1032도,경기도 고양시덕양구 행주내동 666-1답,12.0,46.0,176,나쁨
2021-03-11,11:19,경기,고양시 덕양구,소원로,경기도 고양시덕양구 행신동 820도,경기도 고양시덕양구 행신동 1127도,12.0,44.0,127,보통
2021-03-11,12:29,경기,고양시 덕양구,충경로,경기도 고양시덕양구 행신동 1121도,경기도 고양시덕양구 행신동 816도,14.0,35.0,240,매우나쁨
2021-03-11,12:38,경기,고양시 덕양구,지도로,경기도 고양시덕양구 토당동 890-8도,경기도 고양시덕양구 화정동 1012-2도,14.0,35.0,278,매우나쁨
2021-03-11,12:45,경기,고양시 덕양구,화중로,경기도 고양시덕양구 화정동 1152도,경기도 고양시덕양구 화정동 1036도,14.0,33.0,91,좋음
2021-03-11,12:58,경기,고양시 덕양구,백양로,경기도 고양시덕양구 화정동 1068도,경기도 고양시덕양구 화정동 1152도,14.0,32.0,254,매우나쁨
2021-03-11,13:13,경기,고양시 덕양구,권율대로,경기도 고양시덕양구 강매동 604-29답,경기도 고양시덕양구 신원동 671 도,15.0,31.0,35,매우좋음
2021-03-11,13:31,경기,고양시 덕양구,신원2로,경기도 고양시덕양구 신원동 671 도,경기도 고양시덕양구 신원동 673-8도,16.0,31.0,193,나쁨
2021-03-11,13:40,경기,고양시 덕양구,신원1로,경기도 고양시덕양구 신원동 676 도,경기도 고양시덕양구 신원동 671 도,15.0,31.0,234,매우나쁨
2021-03-11,14:41,경기,고양시 덕양구,동세로,경기도 고양시덕양구 동산동 159-29 도,경기도 고양시덕양구 원흥동 693 도,16.0,27.0,126,보통
2021-03-11,14:49,경기,고양시 덕양구,삼송로,경기도 고양시덕양구 원흥동 151-4답,경기도 고양시덕양구 지축동 515-5전,16.0,27.0,77,좋음
2021-03-11,15:02,경기,고양시 덕양구,덕수천1로,경기도 고양시덕양구 삼송동 391 도,경기도 고양시덕양구 삼송동 377도,16.0,28.0,103,보통
2021-03-11,15:11,경기,고양시 덕양구,도래울로,경기도 고양시덕양구 도내동 949 도,경기도 고양시덕양구 도내동 1009 도,16.0,28.0,58,좋음
2021-03-11,15:59,경기,고양시 덕양구,호수로,경기도 고양시덕양구 토당동 282-8도,경기도 고양시덕양구 내곡동 428-5 도,16.0,37.0,84,좋음
2021-03-11,10:31,서울,강서구,공항대로,서울특별시 강서구 방화동 621-4도,서울특별시 양천구 목동 560도,12.0,44.0,43,매우좋음
2021-03-11,11:05,서울,강서구,양천로,서울특별시 강서구 염창동 259-8제,서울특별시 강서구 방화동 515-4도,13.0,45.0,94,좋음
2021-03-11,11:33,서울,강서구,초원로,서울특별시 강서구 방화동 651-1도,서울특별시 강서구 방화동 217-156 도,13.0,37.0,19,매우좋음
2021-03-11,11:37,서울,강서구,마곡중앙5로,서울특별시 강서구 방화동 217-156 도,서울특별시 강서구 마곡동 278-6답,13.0,39.0,152,나쁨
2021-03-11,11:47,서울,강서구,수명로,서울특별시 강서구 외발산동 213도,서울특별시 강서구 내발산동 751-2 도,13.0,37.0,1,매우좋음
2021-03-11,11:49,서울,강서구,마곡중앙로,서울특별시 강서구 내발산동 751-2 도,서울특별시 강서구 마곡동 228-5제,13.0,38.0,54,좋음
2021-03-11,12:01,서울,강서구,방화대로,서울특별시 강서구 외발산동 산71-15 임,서울특별시 강서구 방화동 46-1 제,13.0,36.0,18,매우좋음
2021-03-11,12:13,서울,강서구,금낭화로,서울특별시 강서구 방화동 813-17도,서울특별시 강서구 방화동 산 63-2 도,14.0,35.0,6,매우좋음
2021-03-11,14:49,인천,부평구,경인로,인천광역시 부평구 구산동 12-7도,인천광역시 부평구 십정동 592도,16.0,33.0,42,매우좋음
2021-03-11,15:11,인천,부평구,부흥로,인천광역시 부평구 산곡동 산65-1임,인천광역시 부평구 부개동 510도,15.0,35.0,36,매우좋음
2021-03-11,15:22,인천,부평구,부개로,인천광역시 부평구 부개동 509도,인천광역시 부평구 부개동 503도,15.0,35.0,21,매우좋음
2021-03-11,15:27,인천,부평구,길주로,인천광역시 부평구 삼산동 466도,인천광역시 부평구 산곡동 산98-27임,15.0,39.0,18,매우좋음
2021-03-11,15:57,인천,부평구,주부토로,인천광역시 부평구 부평동 224-1도,인천광역시 부평구 갈산동 423도,14.0,43.0,45,매우좋음
2021-03-11,11:32,경기,수원시 권선구,오목천로,경기도 수원시 권선구 오목천동 428-10 목,경기도 수원시 권선구 고색동 127-2 답,13.0,40.0,237,매우나쁨
2021-03-11,11:47,경기,수원시 권선구,매실로,경기도 수원시 권선구 호매실동 36-11 답,경기도 수원시 권선구 호매실동 471-3임,13.0,41.0,388,매우나쁨
2021-03-11,11:51,경기,수원시 권선구,매곡로,경기도 수원시 권선구 호매실동 1429-1도,경기도 수원시 권선구 금곡동 233-4도,13.0,41.0,703,매우나쁨
2021-03-11,12:04,경기,수원시 팔달구,화산로,경기도 수원시 팔달구 화서동 689-4구,경기도 수원시 팔달구 화서동 712-1도,13.0,37.0,974,매우나쁨
2021-03-11,12:12,경기,수원시 팔달구,수성로,경기도 수원시 팔달구 화서동 360-1도,경기도 수원시 팔달구 화서동 360-1도,14.0,38.0,242,매우나쁨
2021-03-11,12:33,경기,수원시 팔달구,정조로,경기도 수원시 팔달구 매교동 283도,경기도 수원시 팔달구 북수동 421-1도,15.0,29.0,243,매우나쁨
2021-03-11,12:50,경기,수원시 장안구,광교산로,경기도 수원시 장안구 상광교동 20-1임,경기도 수원시 장안구 영화동 381-1 도,15.0,31.0,388,매우나쁨
2021-03-11,13:02,경기,수원시 팔달구,팔달로,경기도 수원시 장안구 영화동 107-7도,경기도 수원시 팔달구 고등동 261-7도,16.0,28.0,112,보통
2021-03-11,13:27,경기,의왕시,시청로,경기도 의왕시 고천동 103-9 도,경기도 의왕시 고천동 373-8도,17.0,31.0,1438,매우나쁨
2021-03-11,14:46,경기,안양시 만안구,박달로,경기도 안양시만안구 박달동,경기도 안양시만안구 안양동 1223-1도,17.0,29.0,257,매우나쁨
2021-03-11,16:10,인천,서구,원당대로,인천광역시 서구 오류동 1114 답,인천광역시 서구 원당동 8-2답,13.0,37.0,220,매우나쁨
2021-03-11,11:19,경기,여주시,신륵로,경기도 여주시 천송동 30-22도,경기도 여주시 천송동 561-5도,12.0,51.0,253,매우나쁨
2021-03-11,12:58,경기,용인시 수지구,법조로,경기도 용인시수지구 상현동 916도,경기도 용인시수지구 상현동 341-26 도,16.0,31.0,259,매우나쁨
2021-03-11,13:25,경기,용인시 기흥구,기흥로116번길,경기도 용인시기흥구 언남동 499-1도,경기도 용인시기흥구 신갈동 167도,15.0,29.0,629,매우나쁨
2021-03-11,13:28,경기,용인시 기흥구,구갈로,경기도 용인시기흥구 신갈동 167도,경기도 용인시기흥구 구갈동 428대,15.0,26.0,333,매우나쁨
2021-03-11,13:35,경기,용인시 기흥구,기흥로,경기도 용인시기흥구 구갈동 373-6전,경기도 용인시기흥구 신갈동 679도,16.0,26.0,1398,매우나쁨
2021-03-11,14:23,경기,시흥시,하중로,경기도 시흥시 광석동 337도,경기도 시흥시 하중동 137-20도,17.0,30.0,247,매우나쁨
2021-03-11,14:38,경기,시흥시,계수로,경기도 시흥시 과림동 79-4도,경기도 시흥시 계수동 747-19도,17.0,31.0,289,매우나쁨
2021-03-11,15:49,인천,서구,심곡로,인천광역시 서구 공촌동 325도,인천광역시 서구 심곡동 354 도,13.0,47.0,53,좋음
2021-03-11,11:25,경기,하남시,미사대로,경기도 하남시 배알미동 47-1수,경기도 하남시 선동 247-1제,13.0,56.0,107,보통
2021-03-11,11:49,경기,하남시,아리수로,경기도 하남시 망월동 232-4도,경기도 하남시 망월동 673-4도,13.0,53.0,197,나쁨
2021-03-11,13:00,경기,하남시,덕풍북로,경기도 하남시 덕풍동 658 도,경기도 하남시 덕풍동 820도,15.0,40.0,245,매우나쁨
2021-03-11,13:17,경기,하남시,신평로,경기도 하남시 덕풍동 511-29답,경기도 하남시 신장동 278-3 도,16.0,39.0,458,매우나쁨
2021-03-11,13:25,경기,하남시,조정대로,경기도 하남시 덕풍동 2-29도,경기도 하남시 풍산동 461-1도,16.0,32.0,311,매우나쁨
2021-03-11,13:30,경기,하남시,하남대로,경기도 하남시 풍산동 219-4도,경기도 하남시 상산곡동 산182-3임,16.0,34.0,128,보통
2021-03-11,13:46,경기,하남시,창우로,경기도 하남시 천현동 474-6수,경기도 남양주시 와부읍 팔당리 415-6 전,17.0,34.0,707,매우나쁨
2021-03-11,13:49,경기,하남시,대청로,경기도 하남시 창우동 534도,경기도 하남시 신장동 537도,16.0,33.0,592,매우나쁨
2021-03-11,13:58,경기,하남시,대성로,경기도 하남시 신장동 434-10도,경기도 하남시 상사창동 468-5천,17.0,30.0,212,매우나쁨
2021-03-11,14:04,경기,하남시,서하남로,경기도 하남시 교산동 104-3수,경기도 하남시 감북동 447-4수,17.0,34.0,136,보통
2021-03-11,15:56,인천,서구,청마로,인천광역시 서구 당하동 1116도,인천광역시 서구 당하동 1116도,13.0,36.0,359,매우나쁨
2021-03-12,10:16,경기,화성시,발안만세길,경기도 화성시 향남읍 장짐리 360-10답,경기도 화성시 향남읍 제암리 118-2도,10.0,58.0,106,보통
2021-03-12,10:31,경기,화성시,행정동로,경기도 화성시 향남읍 도이리 425도,경기도 화성시 향남읍 행정리 583-1도,10.0,56.0,51,좋음
2021-03-12,10:38,경기,화성시,행정중앙1로,경기도 화성시 향남읍 행정리 583-1도,경기도 화성시 향남읍 행정리 534-2도,10.0,56.0,52,좋음
2021-03-12,11:10,경기,화성시,동화길,경기도 화성시 봉담읍 수영리 660-1도,경기도 화성시 봉담읍 분천리 51-2도,12.0,51.0,37,매우좋음
2021-03-12,11:23,경기,화성시,동화역말길,경기도 화성시 봉담읍 동화리 636-1도,경기도 화성시 봉담읍 와우리 122도,11.0,53.0,8,매우좋음
2021-03-12,14:37,인천,서구,원적로,인천광역시 서구 가좌동 산17-2임,인천광역시 서구 가좌동 257-2도,14.0,44.0,23,매우좋음
2021-03-12,14:57,인천,서구,길주로,인천광역시 서구 석남동 223-114 도,인천광역시 서구 석남동 산9-1임,14.0,47.0,74,좋음
2021-03-12,15:07,인천,서구,율도로,인천광역시 서구 석남동 597도,인천광역시 서구 석남동 산117-15 도,13.0,49.0,28,매우좋음
2021-03-12,15:13,인천,서구,원창로,인천광역시 서구 원창동 410-10도,인천광역시 서구 가정동 578도,13.0,50.0,27,매우좋음
2021-03-12,10:49,서울,동작구,장승배기로,서울특별시 동작구 노량진동 60-11도,서울특별시 동작구 상도동 208-4도,12.0,50.0,14,매우좋음
2021-03-12,11:08,서울,동작구,상도로,서울특별시 동작구 대방동 466-51도,서울특별시 동작구 상도동 124 도,13.0,49.0,13,매우좋음
2021-03-12,11:23,서울,동작구,사당로,서울특별시 동작구 상도동 514 도,서울특별시 동작구 사당동 144-4도,13.0,47.0,24,매우좋음
2021-03-12,10:17,서울,은평구,수색로,서울특별시 은평구 수색동 293-61구,서울특별시 은평구 증산동 239도,12.0,47.0,38,매우좋음
2021-03-12,10:26,서울,은평구,증산로,서울특별시 은평구 수색동 46-40철,서울특별시 은평구 신사동 22-15도,13.0,46.0,25,매우좋음
2021-03-12,10:34,서울,은평구,연서로,서울특별시 은평구 역촌동 85-42도,서울특별시 은평구 진관동 2-23도,13.0,46.0,23,매우좋음
2021-03-12,12:13,서울,은평구,북한산로,서울특별시 은평구 진관동 288-3천,서울특별시 은평구 진관동 72-4도,15.0,41.0,18,매우좋음
2021-03-12,12:25,서울,은평구,진관1로,서울특별시 은평구 진관동 234-30도,서울특별시 은평구 진관동 159-9답,15.0,41.0,22,매우좋음
2021-03-12,12:49,서울,은평구,통일로,서울특별시 은평구 진관동 75-1도,서울특별시 은평구 응암동 32-1도,15.0,39.0,19,매우좋음
2021-03-12,13:11,서울,은평구,은평로,서울특별시 은평구 녹번동 55도,서울특별시 은평구 신사동 41-3도,15.0,39.0,24,매우좋음
2021-03-12,9:55,인천,강화군,길상로,인천광역시 강화군 길상면 온수리 550-4도,인천광역시 강화군 길상면 초지리 1934-2 답,12.0,58.0,846,매우나쁨
2021-03-12,10:52,경기,고양시 일산서구,고양대로,경기도 고양시일산서구 법곳동 740천,경기도 고양시일산서구 일산동 1653도,13.0,53.0,25,매우좋음
2021-03-12,12:14,경기,김포시,김포한강11로,경기도 김포시 운양동 1400-3도,경기도 김포시 운양동 1400 도,14.0,52.0,86,좋음
2021-03-12,12:51,경기,김포시,돌문로,경기도 김포시 사우동 186-20도,경기도 김포시 사우동 838-45도,15.0,48.0,456,매우나쁨
2021-03-12,14:10,경기,김포시,마송1로,경기도 김포시 통진읍 마송리 592 도,경기도 김포시 통진읍 마송리 592 도,15.0,57.0,27,매우좋음
2021-03-12,14:17,경기,김포시,마송로,경기도 김포시 통진읍 마송리 159-37 임,경기도 김포시 통진읍 마송리 592-9도,14.0,57.0,453,매우나쁨
2021-03-12,14:54,경기,김포시,양곡4로,경기도 김포시 구래동 5403도,경기도 김포시 양촌읍 양곡리 1503 도,14.0,62.0,47,매우좋음
